/blog/                              https://blog.leafphp.dev
/finance/                           https://finance.leafphp.dev
/modules/auth/                      /docs/auth/
/modules/auth/*                     /docs/auth/:splat
/modules/mail/                      /docs/utils/mail/
/docs/skeleton/                     /docs/
/docs/mvc/models                    /docs/database/models
/docs/leafapi/                      /docs/mvc/
/docs/leafmvc/                      /docs/mvc/
/docs/mvc/migrations                /docs/database/migrations
/docs/mvc/seeders                   /docs/database/seeders
/docs/mvc/factories                 /docs/database/factories
/docs/mvc/models                    /docs/database/models
/docs/introduction/url-rewriting    /docs/routing/url-rewriting.html
/modules/cors/                      /docs/http/cors
/modules/views/bareui/              /docs/frontend/bareui
/modules/router/                    /docs/routing/
